Campaign,Ad Group,Keyword,Match Type,Max CPC
V1-GMB,Core - Room Near LPU,room near LPU,Phrase,
V1-GMB,Core - Room Near LPU,rooms near LPU,Phrase,
V1-GMB,Core - Room Near LPU,rooms for rent near LPU,Phrase,
V1-GMB,Core - Room Near LPU,room rent near LPU,Phrase,
V1-GMB,Core - Room Near LPU,single room near LPU,Phrase,
V1-GMB,Core - Room Near LPU,room near LPU under 10000,Phrase,
V1-GMB,Core - PG Near LPU,PG near LPU,Phrase,
V1-GMB,Core - PG Near LPU,PG near LPU University,Phrase,
V1-GMB,Core - PG Near LPU,PG in Jalandhar near LPU,Phrase,
V1-GMB,Core - PG Near LPU,PG accommodation Phagwara,Phrase,
V1-GMB,Core - PG Near LPU,student PG near LPU,Phrase,
V1-GMB,Core - PG Near LPU,budget PG near LPU,Phrase,
V1-GMB,Core - PG Near LPU,best PG near LPU,Phrase,
V1-GMB,Core - PG Near LPU,boys PG near LPU,Phrase,
V1-GMB,Core - PG Near LPU,PG near LPU with food,Phrase,
V1-GMB,Core - LPU Student Housing,student accommodation LPU,Phrase,
V1-GMB,Core - LPU Student Housing,hostel near LPU,Phrase,
V1-GMB,Core - LPU Student Housing,LPU hostel alternative,Phrase,
V1-GMB,Core - LPU Student Housing,LPU student housing off campus,Phrase,
V1-GMB,Core - LPU Student Housing,where to stay near LPU,Phrase,
V1-GMB,Core - LPU Student Housing,LPU off campus housing,Phrase,
V1-GMB,Core - LPU Student Housing,LPU accommodation,Phrase,
V1-GMB,Core - Apartment Near LPU,1 BHK near LPU,Phrase,
V1-GMB,Core - Apartment Near LPU,flat near LPU,Phrase,
V1-GMB,Core - Apartment Near LPU,apartment near LPU campus,Phrase,
V1-GMB,Core - Apartment Near LPU,fully furnished room near LPU,Phrase,
V1-GMB,Core - Apartment Near LPU,fully furnished 1 BHK near LPU,Phrase,
V1-GMB,Core - Jalandhar Broad,paying guest Jalandhar,Phrase,
V1-GMB,Core - Jalandhar Broad,room for rent Jalandhar,Phrase,
V1-GMB,Core - Jalandhar Broad,LPU Jalandhar room rent,Phrase,
V1-GMB,Core - Jalandhar Broad,furnished room near LPU Jalandhar,Phrase,
V1-GMB,Long-Tail - Cheap,cheap PG near LPU for students,Phrase,
V1-GMB,Long-Tail - Cheap,rooms under 10000 near LPU,Phrase,
V1-GMB,Long-Tail - Cheap,PG near LPU for boys without brokerage,Phrase,
V1-GMB,Long-Tail - Cheap,room near LPU no brokerage,Phrase,
V1-GMB,Long-Tail - Specific,PG near LPU Lawgate,Phrase,
V1-GMB,Long-Tail - Specific,room near Apna Chai Wala LPU,Phrase,
V1-GMB,Long-Tail - Specific,LPU Phagwara accommodation,Phrase,
V1-GMB,Long-Tail - Specific,LPU admission 2026 accommodation,Phrase,
V1-GMB,Long-Tail - Specific,room near LPU for first year student,Phrase,
V1-GMB,Long-Tail - Specific,LPU student room booking,Phrase,
V1-GMB,Long-Tail - Specific,best PG near LPU with WiFi,Phrase,
V1-GMB,Long-Tail - Specific,room near LPU with WiFi,Phrase,
V1-GMB,Long-Tail - Specific,single room for rent near LPU university,Phrase,
V1-GMB,Long-Tail - Specific,LPU campus nearby room rent,Phrase,
V1-GMB,Long-Tail - Specific,PG near LPU Phagwara road,Phrase,
V1-GMB,Long-Tail - Specific,paying guest accommodation Jalandhar LPU,Phrase,
V1-GMB,Long-Tail - Specific,housing near Lovely Professional University,Phrase,
V1-GMB,Long-Tail - Specific,Lovely Professional University PG,Phrase,
V1-GMB,Long-Tail - Specific,LPU hostel vs PG,Phrase,
V1-GMB,Pan-India - LPU Generic,room near LPU,Broad,
V1-GMB,Pan-India - LPU Generic,PG near LPU,Broad,
V1-GMB,Pan-India - LPU Generic,hostel near LPU,Broad,
V1-GMB,Pan-India - LPU Generic,LPU accommodation,Broad,
